-- phpMyAdmin SQL Dump
-- version 5.0.2
-- https://www.phpmyadmin.net/
--
-- Host: 127.0.0.1
-- Generation Time: Nov 03, 2020 at 05:42 AM
-- Server version: 10.4.14-MariaDB
-- PHP Version: 7.4.10

SET SQL_MODE = "NO_AUTO_VALUE_ON_ZERO";
START TRANSACTION;
SET time_zone = "+00:00";


/*!40101 SET @OLD_CHARACTER_SET_CLIENT=@@CHARACTER_SET_CLIENT */;
/*!40101 SET @OLD_CHARACTER_SET_RESULTS=@@CHARACTER_SET_RESULTS */;
/*!40101 SET @OLD_COLLATION_CONNECTION=@@COLLATION_CONNECTION */;
/*!40101 SET NAMES utf8mb4 */;

--
-- Database: `uni_db`
--

-- --------------------------------------------------------

--
-- Table structure for table `college`
--

CREATE TABLE `college` (
  `college` varchar(255) NOT NULL
) ENGINE=InnoDB DEFAULT CHARSET=utf8mb4;

--
-- Dumping data for table `college`
--

INSERT INTO `college` (`college`) VALUES
('COLLEGE OF ARTS AND SOCIAL SCIENCES'),
('COLLEGE OF BUSINESS ADMINISTRATION & ACCOUNTANCY'),
('COLLEGE OF COMPUTER STUDIES'),
('COLLEGE OF EDUCATION'),
('COLLEGE OF ENGINEERING AND TECHNOLOGY'),
('COLLEGE OF NURSING'),
('COLLEGE OF SCIENCE AND MATHEMATICS');

-- --------------------------------------------------------

--
-- Table structure for table `course`
--

CREATE TABLE `course` (
  `course_id` varchar(255) NOT NULL,
  `dept_id` varchar(255) NOT NULL
) ENGINE=InnoDB DEFAULT CHARSET=utf8mb4;

--
-- Dumping data for table `course`
--

INSERT INTO `course` (`course_id`, `dept_id`) VALUES
('BACHELOR OF SCIENCE IN ACCOUNTANCY', 'DEPARTMENT OF ACCOUNTANCY'),
('BACHELOR OF SCIENCE IN BIOLOGY(BOTANY)', 'DEPARTMENT OF BIOLOGICAL SCIENCES'),
('BACHELOR OF SCIENCE IN BIOLOGY(GENERAL)', 'DEPARTMENT OF BIOLOGICAL SCIENCES'),
('BACHELOR OF SCIENCE IN BIOLOGY(MARINE BIOLOGY)', 'DEPARTMENT OF BIOLOGICAL SCIENCES'),
('BACHELOR OF SCIENCE IN BIOLOGY(ZOOLOGY)', 'DEPARTMENT OF BIOLOGICAL SCIENCES'),
('BACHELOR OF SCIENCE IN CHEMICAL ENGINEERING', 'DEPARTMENT OF CHEMICAL ENGINEERING AND TECHNOLOGY'),
('BACHELOR OF SCIENCE IN CHEMISTRY', 'DEPARTMENT OF CHEMISTRY'),
('BACHELOR OF SCIENCE IN CIVIL ENGINEERING', 'DEPARTMENT OF CIVIL ENGINEERING'),
('BACHELOR OF SCIENCE IN COMPUTER APPLICATION', 'DEPARTMENT OF COMPUTER APPLICATION '),
('BACHELOR OF SCIENCE IN COMPUTER SCIENCE	', 'DEPARTMENT OF COMPUTER SCIENCE'),
('BACHELOR OF SCIENCE IN BUSSINESS ADMINISTRATION MAJOR IN BUSSINESS ECONOMICS', 'DEPARTMENT OF ECONOMICS'),
('BACHELOR OF SCIENCE IN ECONOMINCS', 'DEPARTMENT OF ECONOMICS'),
('BACHELOR OF SCIENCE IN COMPUTER ENGINEERING', 'DEPARTMENT OF ELECTRICAL AND ELECTRONICS ENGINEERING AND TECHNOLOGY'),
('BACHELOR OF SCIENCE IN ELECTRICAL ENGINEERING', 'DEPARTMENT OF ELECTRICAL AND ELECTRONICS ENGINEERING AND TECHNOLOGY'),
('BACHELOR OF SCIENCE IN ELECTRONICS AND COMMUNICATION ENGINEERING', 'DEPARTMENT OF ELECTRICAL AND ELECTRONICS ENGINEERING AND TECHNOLOGY'),
('BACHELOR OF ARTS IN ENGLISH	', 'DEPARTMENT OF ENGLISH '),
('BACHELOR OF ARTS IN FILIPINO & OTHER LANGUAGES', 'DEPARTMENT OF FILIPINO & OTHER LANGUAGES '),
('BACHELOR OF ARTS IN HISTORY', 'DEPARTMENT OF HISTORY'),
('BACHELOR OF SCIENCE IN HOSPITAL MANAGEMENT', 'DEPARTMENT OF HOSPITALITY & TOURISM MANAGEMENT'),
('BACHELOR OF SCIENCE IN INFORMATION SYSTEM', 'DEPARTMENT OF INFORMATION TECHNOLOGY'),
('BACHELOR OF SCIENCE IN INFORMATION TECHNOLOGY', 'DEPARTMENT OF INFORMATION TECHNOLOGY'),
('BACHELOR OF SCIENCE IN BUSSINESS ADMINISTRATION MAJOR IN MARKETING MANAGEMENT', 'DEPARTMENT OF MARKETING'),
('BACHELOR OF SCIENCE MAJOR IN ENTREPRENEURSHIP', 'DEPARTMENT OF MARKETING'),
('BACHELOR OF SCIENCE IN CERAMIC ENGINEERING', 'DEPARTMENT OF MATERIALS AND RESOURCES ENGINEERING AND TECHNOLOGY'),
('BACHELOR OF SCIENCE IN METALLURGICAL ENGINEERING', 'DEPARTMENT OF MATERIALS AND RESOURCES ENGINEERING AND TECHNOLOGY'),
('BACHELOR OF SCIENCE IN MATHEMATICS', 'DEPARTMENT OF MATHEMATICS AND STATISTICS'),
('BACHELOR OF SCIENCE IN STATISTICS', 'DEPARTMENT OF MATHEMATICS AND STATISTICS'),
('BACHELOR OF SCIENCE IN MECHANICAL ENGINEERING', 'DEPARTMENT OF MECHANICAL ENGINEERING AND TECHOLOGY'),
('BACHELOR OF SCIENCE IN NURSING', 'DEPARTMENT OF NURSING'),
('BACHELOR OF PHYSICAL EDUCATION', 'DEPARTMENT OF PHYSICAL EDUCATION'),
('BACHELOR OF SCIENCE IN PHYSICS', 'DEPARTMENT OF PHYSICS'),
('BACHELOR OF ARTS IN POLITICAL SCIENCE', 'DEPARTMENT OF POLITICAL SCIENCE '),
('BACHELOR OF ELEMENTARY EDUCATION LANGUAGE EDUCATION', 'DEPARTMENT OF PROFESSIONAL EDUCATION'),
('BACHELOR OF SECONDARY EDUCATION FILIPINO', 'DEPARTMENT OF PROFESSIONAL EDUCATION'),
('BACHELOR OF SCIENCE IN PSYCHOLOGY', 'DEPARTMENT OF PSYCHOLOGY'),
('BACHELOR OF ELEMENTARY EDUCATION SCIENCE AND MATHEMATICS', 'DEPARTMENT OF SCIENCE AND MATHEMATICS EDUCATION'),
('BACHELOR OF SECONDARY EDUCATION BIOLOGY', 'DEPARTMENT OF SCIENCE AND MATHEMATICS EDUCATION '),
('BACHELOR OF SECONDARY EDUCATION CHEMISTRY', 'DEPARTMENT OF SCIENCE AND MATHEMATICS EDUCATION '),
('BACHELOR OF SECONDARY EDUCATION MATHEMATICS', 'DEPARTMENT OF SCIENCE AND MATHEMATICS EDUCATION'),
('BACHELOR OF SECONDARY EDUCATION PHYSICS', 'DEPARTMENT OF SCIENCE AND MATHEMATICS EDUCATION'),
('BACHELOR OF ARTS IN SOCIOLOGY', 'DEPARTMENT OF SOCIOLOGY'),
('BACHELOR OF TECHNOLOGY AND LIVELIHOOD EDUCATION MAJOR IN HOME ECONOMICS', 'DEPARTMENT OF TECHNOLOGY TEACHER EDUCATION '),
('BACHELOR OF TECHNOLOGY ANDD LIVELIHOOD EDUCATION MAJOR IN INDUSTRIAL ARTS', 'DEPARTMENT OF TECHNOLOGY TEACHER EDUCATION'),
('BACHELOR OF TECHNOLOGY-VOCATIONAL TEACHER EDUCATION MAJOR IN DRAFTING TECHNOLOGY', 'DEPARTMENT OF TECHNOLOGY TEACHER EDUCATION');

-- --------------------------------------------------------

--
-- Table structure for table `department`
--

CREATE TABLE `department` (
  `dept_id` varchar(255) NOT NULL,
  `college_id` varchar(255) NOT NULL
) ENGINE=InnoDB DEFAULT CHARSET=utf8mb4;

--
-- Dumping data for table `department`
--

INSERT INTO `department` (`dept_id`, `college_id`) VALUES
('DEPARTMENT OF ENGLISH', 'COLLEGE OF ARTS AND SOCIAL SCIENCES'),
('DEPARTMENT OF FILIPINO & OTHER LANGUAGES', 'COLLEGE OF ARTS AND SOCIAL SCIENCES'),
('DEPARTMENT OF HISTORY', 'COLLEGE OF ARTS AND SOCIAL SCIENCES'),
('DEPARTMENT OF POLITICAL SCIENCE', 'COLLEGE OF ARTS AND SOCIAL SCIENCES'),
('DEPARTMENT OF PSYCHOLOGY', 'COLLEGE OF ARTS AND SOCIAL SCIENCES'),
('DEPARTMENT OF SOCIOLOGY', 'COLLEGE OF ARTS AND SOCIAL SCIENCES'),
('DEPARTMENT OF ACCOUNTANCY', 'COLLEGE OF BUSINESS ADMINISTRATION & ACCOUNTANCY'),
('DEPARTMENT OF ECONOMICS', 'COLLEGE OF BUSINESS ADMINISTRATION & ACCOUNTANCY'),
('DEPARTMENT OF HOSPITALITY & TOURISM MANAGEMENT', 'COLLEGE OF BUSINESS ADMINISTRATION & ACCOUNTANCY'),
('DEPARTMENT OF MARKETING', 'COLLEGE OF BUSINESS ADMINISTRATION & ACCOUNTANCY'),
('DEPARTMENT OF COMPUTER APPLICATION', 'COLLEGE OF COMPUTER STUDIES'),
('DEPARTMENT OF COMPUTER SCIENCE', 'COLLEGE OF COMPUTER STUDIES'),
('DEPARTMENT OF INFORMATION TECHNOLOGY', 'COLLEGE OF COMPUTER STUDIES'),
('DEPARTMENT OF PHYSICAL EDUCATION', 'COLLEGE OF EDUCATION'),
('DEPARTMENT OF PROFESSIONAL EDUCATION', 'COLLEGE OF EDUCATION'),
('DEPARTMENT OF SCIENCE AND MATHEMATICS EDUCATION', 'COLLEGE OF EDUCATION'),
('DEPARTMENT OF TECHNOLOGY TEACHER EDUCATION', 'COLLEGE OF EDUCATION'),
('DEPARTMENT OF CHEMICAL ENGINEERING AND TECHNOLOGY', 'COLLEGE OF ENGINEERING AND TECHNOLOGY'),
('DEPARTMENT OF CIVIL ENGINEERING', 'COLLEGE OF ENGINEERING AND TECHNOLOGY'),
('DEPARTMENT OF ELECTRICAL AND ELECTRONICS ENGINEERING AND TECHNOLOGY', 'COLLEGE OF ENGINEERING AND TECHNOLOGY'),
('DEPARTMENT OF MATERIALS AND RESOURCES ENGINEERING AND TECHNOLOGY', 'COLLEGE OF ENGINEERING AND TECHNOLOGY'),
('DEPARTMENT OF MECHANICAL ENGINEERING AND TECHOLOGY', 'COLLEGE OF ENGINEERING AND TECHNOLOGY'),
('DEPARTMENT OF NURSING', 'COLLEGE OF NURSING'),
('DEPARTMENT OF BIOLOGICAL SCIENCES', 'COLLEGE OF SCIENCE AND MATHEMATICS'),
('DEPARTMENT OF CHEMISTRY', 'COLLEGE OF SCIENCE AND MATHEMATICS'),
('DEPARTMENT OF MATHEMATICS AND STATISTICS', 'COLLEGE OF SCIENCE AND MATHEMATICS'),
('DEPARTMENT OF PHYSICS', 'COLLEGE OF SCIENCE AND MATHEMATICS');

-- --------------------------------------------------------

--
-- Table structure for table `page`
--

CREATE TABLE `page` (
  `id` int(255) NOT NULL,
  `course` varchar(255) NOT NULL,
  `department` varchar(255) NOT NULL,
  `college` varchar(255) NOT NULL
) ENGINE=InnoDB DEFAULT CHARSET=utf8mb4;

--
-- Dumping data for table `page`
--

INSERT INTO `page` (`id`, `course`, `department`, `college`) VALUES
(1, 'BACHELOR OF SCIENCE IN CERAMIC ENGINEERING', 'DEPARTMENT OF MATERIALS AND RESOURCES ENGINEERING AND TECHNOLOGY', '(COET)COLLEGE OF ENGINEERING AND TECHNOLOGY'),
(2, 'BACHELOR OF SCIENCE IN METALLURGICAL ENGINEERING', 'DEPARTMENT OF MATERIALS AND RESOURCES ENGINEERING AND TECHNOLOGY', '(COET)COLLEGE OF ENGINEERING AND TECHNOLOGY'),
(3, 'BACHELOR OF SCIENCE IN CHEMICAL ENGINEERING', 'DEPARTMENT OF CHEMICAL ENGINEERING AND TECHNOLOGY', '(COET)COLLEGE OF ENGINEERING AND TECHNOLOGY'),
(4, 'BACHELOR OF SCIENCE IN CIVIL ENGINEERING', 'DEPARTMENT OF CIVIL ENGINEERING', '(COET)COLLEGE OF ENGINEERING AND TECHNOLOGY'),
(5, 'BACHELOR OF SCIENCE IN MECHANICAL ENGINEERING', 'DEPARTMENT OF MECHANICAL ENGINEERING AND TECHOLOGY', '(COET)COLLEGE OF ENGINEERING AND TECHNOLOGY'),
(6, 'BACHELOR OF SCIENCE IN ELECTRONICS AND COMMUNICATION ENGINEERING', 'DEPARTMENT OF ELECTRICAL AND ELECTRONICS ENGINEERING AND TECHNOLOGY', '(COET)COLLEGE OF ENGINEERING AND TECHNOLOGY'),
(7, 'BACHELOR OF SCIENCE IN COMPUTER ENGINEERING', 'DEPARTMENT OF ELECTRICAL AND ELECTRONICS ENGINEERING AND TECHNOLOGY', '(COET)COLLEGE OF ENGINEERING AND TECHNOLOGY'),
(8, 'BACHELOR OF SCIENCE IN ELECTRICAL ENGINEERING', 'DEPARTMENT OF ELECTRICAL AND ELECTRONICS ENGINEERING AND TECHNOLOGY', '(COET)COLLEGE OF ENGINEERING AND TECHNOLOGY'),
(9, 'BACHELOR OF SCIENCE IN BIOLOGY(GENERAL)									', 'DEPARTMENT OF BIOLOGICAL SCIENCES', '(CSM)COLLEGE OF SCIENCE AND MATHEMATICS'),
(10, 'BACHELOR OF SCIENCE IN BIOLOGY(BOTANY)', 'DEPARTMENT OF BIOLOGICAL SCIENCES', '(CSM)COLLEGE OF SCIENCE AND MATHEMATICS'),
(11, 'BACHELOR OF SCIENCE IN BIOLOGY(MARINE BIOLOGY)', 'DEPARTMENT OF BIOLOGICAL SCIENCES', '(CSM)COLLEGE OF SCIENCE AND MATHEMATICS'),
(12, 'BACHELOR OF SCIENCE IN BIOLOGY(ZOOLOGY)', 'DEPARTMENT OF BIOLOGICAL SCIENCES', '(CSM)COLLEGE OF SCIENCE AND MATHEMATICS'),
(13, 'BACHELOR OF SCIENCE IN CHEMISTRY', 'DEPARTMENT OF CHEMISTRY', '(CSM)COLLEGE OF SCIENCE AND MATHEMATICS'),
(14, 'BACHELOR OF SCIENCE IN MATHEMATICS', 'DEPARTMENT OF MATHEMATICS AND STATISTICS', '(CSM)COLLEGE OF SCIENCE AND MATHEMATICS'),
(15, 'BACHELOR OF SCIENCE IN STATISTICS', 'DEPARTMENT OF MATHEMATICS AND STATISTICS', '(CSM)COLLEGE OF SCIENCE AND MATHEMATICS'),
(16, 'BACHELOR OF SCIENCE IN PHYSICS', 'DEPARTMENT OF PHYSICS', '(CSM)COLLEGE OF SCIENCE AND MATHEMATICS'),
(17, 'BACHELOR OF SCIENCE IN COMPUTER SCIENCE', 'DEPARTMENT OF COMPUTER SCIENCE', '(CCS)COLLEGE OF COMPUTER STUDIES'),
(18, 'BACHELOR OF SCIENCE IN INFORMATION TECHNOLOGY', 'DEPARTMENT OF INFORMATION TECHNOLOGY', '(CCS)COLLEGE OF COMPUTER STUDIES'),
(19, 'BACHELOR OF SCIENCE IN INFORMATION SYSTEM', 'DEPARTMENT OF INFORMATION TECHNOLOGY', '(CCS)COLLEGE OF COMPUTER STUDIES'),
(20, 'BACHELOR OF SCIENCE IN COMPUTER APPLICATION', 'DEPARTMENT OF COMPUTER APPLICATION', '(CCS)COLLEGE OF COMPUTER STUDIES'),
(21, 'BACHELOR OF ELEMENTARY EDUCATION SCIENCE AND MATHEMATICS', 'DEPARTMENT OF SCIENCE AND MATHEMATICS EDUCATION', '(CED)COLLEGE OF EDUCATION'),
(22, 'BACHELOR OF SECONDARY EDUCATION BIOLOGY', 'DEPARTMENT OF SCIENCE AND MATHEMATICS EDUCATION', '(CED)COLLEGE OF EDUCATION'),
(23, 'BACHELOR OF SECONDARY EDUCATION CHEMISTRY', 'DEPARTMENT OF SCIENCE AND MATHEMATICS EDUCATION', '(CED)COLLEGE OF EDUCATION'),
(24, 'BACHELOR OF SECONDARY EDUCATION PHYSICS', 'DEPARTMENT OF SCIENCE AND MATHEMATICS EDUCATION', '(CED)COLLEGE OF EDUCATION'),
(25, 'BACHELOR OF SECONDARY EDUCATION MATHEMATICS', 'DEPARTMENT OF SCIENCE AND MATHEMATICS EDUCATION', '(CED)COLLEGE OF EDUCATION'),
(26, 'BACHELOR OF ELEMENTARY EDUCATION LANGUAGE EDUCATION', 'DEPARTMENT OF PROFESSIONAL EDUCATION', '(CED)COLLEGE OF EDUCATION'),
(27, 'BACHELOR OF SECONDARY EDUCATION FILIPINO', 'DEPARTMENT OF PROFESSIONAL EDUCATION', '(CED)COLLEGE OF EDUCATION'),
(28, 'BACHELOR OF PHYSICAL EDUCATION', 'DEPARTMENT OF PHYSICAL EDUCATION ', '(CED)COLLEGE OF EDUCATION'),
(29, 'BACHELOR OF TECHNOLOGY AND LIVELIHOOD EDUCATION MAJOR IN HOME ECONOMICS', 'DEPARTMENT OF TECHNOLOGY TEACHER EDUCATION', '(CED)COLLEGE OF EDUCATION'),
(30, 'BACHELOR OF TECHNOLOGY-VOCATIONAL TEACHER EDUCATION MAJOR IN DRAFTING TECHNOLOGY', 'DEPARTMENT OF TECHNOLOGY TEACHER EDUCATION', '(CED)COLLEGE OF EDUCATION'),
(31, 'BACHELOR OF TECHNOLOGY ANDD LIVELIHOOD EDUCATION MAJOR IN INDUSTRIAL ARTS', 'DEPARTMENT OF TECHNOLOGY TEACHER EDUCATION', '(CED)COLLEGE OF EDUCATION'),
(33, 'BACHELOR OF SCIENCE IN PSYCHOLOGY', 'DEPARTMENT OF PSYCHOLOGY', '(CASS)COLLEGE OF ARTS AND SOCIAL SCIENCES'),
(34, 'BACHELOR OF ARTS IN ENGLISH', 'DEPARTMENT OF ENGLISH', '(CASS)COLLEGE OF ARTS AND SOCIAL SCIENCES'),
(35, 'BACHELOR OF ARTS IN FILIPINO & OTHER LANGUAGES', 'DEPARTMENT OF FILIPINO & OTHER LANGUAGES', '(CASS)COLLEGE OF ARTS AND SOCIAL SCIENCES'),
(36, 'BACHELOR OF ARTS IN HISTORY', 'DEPARTMENT OF HISTORY', '(CASS)COLLEGE OF ARTS AND SOCIAL SCIENCES'),
(37, 'BACHELOR OF ARTS IN POLITICAL SCIENCE', 'DEPARTMENT OF POLITICAL SCIENCE ', '(CASS)COLLEGE OF ARTS AND SOCIAL SCIENCES'),
(38, 'BACHELOR OF ARTS IN SOCIOLOGY ', 'DEPARTMENT OF SOCIOLOGY', '(CASS)COLLEGE OF ARTS AND SOCIAL SCIENCES'),
(39, 'BACHELOR OF SCIENCE IN ACCOUNTANCY', 'DEPARTMENT OF ACCOUNTANCY', '(CBAA)COLLEGE OF BUSINESS ADMINISTRATION & ACCOUNTANCY'),
(40, 'BACHELOR OF SCIENCE IN ECONOMINCS', 'DEPARTMENT OF ECONOMICS', '(CBAA)COLLEGE OF BUSINESS ADMINISTRATION & ACCOUNTANCY'),
(41, 'BACHELOR OF SCIENCE IN BUSSINESS ADMINISTRATION MAJOR IN BUSSINESS ECONOMICS', 'DEPARTMENT OF ECONOMICS', '(CBAA)COLLEGE OF BUSINESS ADMINISTRATION & ACCOUNTANCY'),
(42, 'BACHELOR OF SCIENCE IN BUSSINESS ADMINISTRATION MAJOR IN MARKETING MANAGEMENT', 'DEPARTMENT OF MARKETING', '(CBAA)COLLEGE OF BUSINESS ADMINISTRATION & ACCOUNTANCY'),
(43, 'BACHELOR OF SCIENCE MAJOR IN ENTREPRENEURSHIP', 'DEPARTMENT OF MARKETING', '(CBAA)COLLEGE OF BUSINESS ADMINISTRATION & ACCOUNTANCY'),
(44, 'BACHELOR OF SCIENCE IN HOSPITAL MANAGEMENT	', 'DEPARTMENT OF HOSPITALITY & TOURISM MANAGEMENT', '(CBAA)COLLEGE OF BUSINESS ADMINISTRATION & ACCOUNTANCY'),
(45, 'BACHELOR OF SCIENCE IN NURSING', 'DEPARTMENT OF NURSING', '(CON)COLLEGE OF NURSING');

-- --------------------------------------------------------

--
-- Table structure for table `students`
--

CREATE TABLE `students` (
  `id_data` int(20) NOT NULL,
  `first_name` varchar(255) NOT NULL,
  `last_name` varchar(255) NOT NULL,
  `idno` varchar(20) NOT NULL,
  `yrlvl` varchar(10) NOT NULL,
  `gender` varchar(20) NOT NULL,
  `college` varchar(255) NOT NULL,
  `dept` varchar(255) NOT NULL,
  `course` varchar(255) NOT NULL
) ENGINE=InnoDB DEFAULT CHARSET=utf8mb4;

--
-- Dumping data for table `students`
--

INSERT INTO `students` (`id_data`, `first_name`, `last_name`, `idno`, `yrlvl`, `gender`, `college`, `dept`, `course`) VALUES
(29, 'Ken', 'Kaneki', '0000-0000', '4', 'Male', 'COLLEGE OF COMPUTER STUDIES', 'DEPARTMENT OF INFORMATION TECHNOLOGY', 'BACHELOR OF SCIENCE IN INFORMATION SYSTEM'),
(30, 'Gawr', 'Gura', '0000-0001', '3', 'Female', 'COLLEGE OF BUSINESS ADMINISTRATION & ACCOUNTANCY', 'DEPARTMENT OF HOSPITALITY & TOURISM MANAGEMENT', 'BACHELOR OF SCIENCE IN HOSPITAL MANAGEMENT'),
(31, 'Amelia', 'Watson', '0000-0002', '1', 'Female', 'COLLEGE OF ENGINEERING AND TECHNOLOGY', 'DEPARTMENT OF ELECTRICAL AND ELECTRONICS ENGINEERING AND TECHNOLOGY', 'BACHELOR OF SCIENCE IN COMPUTER ENGINEERING'),
(32, 'Ninomae', 'Inanis', '0000-0003', '2', 'Female', 'COLLEGE OF SCIENCE AND MATHEMATICS', 'DEPARTMENT OF BIOLOGICAL SCIENCES', 'BACHELOR OF SCIENCE IN BIOLOGY(ZOOLOGY)'),
(33, 'Calliope', 'Mori', '0000-0004', '2', 'Female', 'COLLEGE OF ENGINEERING AND TECHNOLOGY', 'DEPARTMENT OF ELECTRICAL AND ELECTRONICS ENGINEERING AND TECHNOLOGY', 'BACHELOR OF SCIENCE IN ELECTRONICS AND COMMUNICATION ENGINEERING');

--
-- Indexes for dumped tables
--

--
-- Indexes for table `college`
--
ALTER TABLE `college`
  ADD PRIMARY KEY (`college`);

--
-- Indexes for table `course`
--
ALTER TABLE `course`
  ADD PRIMARY KEY (`course_id`),
  ADD KEY `course_ibfk_1` (`dept_id`);

--
-- Indexes for table `department`
--
ALTER TABLE `department`
  ADD PRIMARY KEY (`dept_id`),
  ADD KEY `college_id` (`college_id`);

--
-- Indexes for table `page`
--
ALTER TABLE `page`
  ADD PRIMARY KEY (`id`);

--
-- Indexes for table `students`
--
ALTER TABLE `students`
  ADD PRIMARY KEY (`id_data`);

--
-- AUTO_INCREMENT for dumped tables
--

--
-- AUTO_INCREMENT for table `page`
--
ALTER TABLE `page`
  MODIFY `id` int(255) NOT NULL AUTO_INCREMENT, AUTO_INCREMENT=46;

--
-- AUTO_INCREMENT for table `students`
--
ALTER TABLE `students`
  MODIFY `id_data` int(20) NOT NULL AUTO_INCREMENT, AUTO_INCREMENT=34;

--
-- Constraints for dumped tables
--

--
-- Constraints for table `course`
--
ALTER TABLE `course`
  ADD CONSTRAINT `course_ibfk_1` FOREIGN KEY (`dept_id`) REFERENCES `department` (`dept_id`) ON DELETE CASCADE;

--
-- Constraints for table `department`
--
ALTER TABLE `department`
  ADD CONSTRAINT `department_ibfk_1` FOREIGN KEY (`college_id`) REFERENCES `college` (`college`) ON DELETE CASCADE ON UPDATE CASCADE;
COMMIT;

/*!40101 SET CHARACTER_SET_CLIENT=@OLD_CHARACTER_SET_CLIENT */;
/*!40101 SET CHARACTER_SET_RESULTS=@OLD_CHARACTER_SET_RESULTS */;
/*!40101 SET COLLATION_CONNECTION=@OLD_COLLATION_CONNECTION */;
